regime,feature_level,n_template_dims,classifier,n_folds,tuned,accuracy_mean,accuracy_std,accuracy_ci_lo,accuracy_ci_hi,balanced_accuracy_mean,balanced_accuracy_std,balanced_accuracy_ci_lo,balanced_accuracy_ci_hi,auc_mean,auc_std,auc_ci_lo,auc_ci_hi,eer_mean,eer_std,eer_ci_lo,eer_ci_hi,precision_mean,precision_std,precision_ci_lo,precision_ci_hi,recall_mean,recall_std,recall_ci_lo,recall_ci_hi,f1_mean,f1_std,f1_ci_lo,f1_ci_hi,ap_mean,ap_std,ap_ci_lo,ap_ci_hi,rank_1_accuracy_mean,rank_5_accuracy_mean,rank_10_accuracy_mean,rank_20_accuracy_mean
identity,1,52,MLP,25,True,0.9372799999999999,0.005269962049199208,0.9314227355150907,0.9431372644849091,0.9372799999999999,0.005269962049199236,0.9314227355150907,0.9431372644849091,0.9985989393939394,0.00029980830404310416,0.9982657194361564,0.9989321593517224,0.00486757575757576,0.0008050411976826595,0.0039728180397679185,0.005762333475383601,0.9389164938223594,0.0052901401147810246,0.9330368025598371,0.9447961850848817,0.9372799999999999,0.005269962049199236,0.9314227355150907,0.9431372644849091,0.9362671129532645,0.0052727771934727025,0.9304067195948608,0.9421275063116682,0.9666561416758485,0.002966015304222593,0.9633595835714576,0.9699526997802393,0.9372799999999999,0.98804,0.99394,0.9974599999999999
identity,1,52,LR,25,True,0.94116,0.0039176949004910075,0.9368057038989791,0.9455142961010209,0.94116,0.0039176949004910075,0.9368057038989791,0.9455142961010209,0.9977715959595961,0.0005196870823026599,0.9971939931871245,0.9983491987320676,0.005507171717171719,0.00093143135237146,0.004471938497379307,0.00654240493696413,0.9445164693153015,0.0035758940446306885,0.9405420655162084,0.9484908731143946,0.94116,0.0039176949004910075,0.9368057038989791,0.9455142961010209,0.9416140382402474,0.003757804112977007,0.9374374516981241,0.9457906247823706,0.9651520165733433,0.0027606642594203506,0.9620836945303186,0.9682203386163679,0.94116,0.98858,0.9938600000000001,0.9974200000000001
identity,1,52,SVM,25,True,0.93238,0.004156520981141153,0.9277602622302911,0.9369997377697089,0.93238,0.004156520981141133,0.9277602622302911,0.9369997377697089,0.9986260505050505,0.00036928218392005493,0.9982156142627034,0.9990364867473975,0.00670676767676768,0.001312339367185627,0.005248176761728238,0.008165358591807122,0.938590703102742,0.003378473620032416,0.9348357209296112,0.9423456852758727,0.93238,0.004156520981141133,0.9277602622302911,0.9369997377697089,0.933574345264535,0.0039444343173311615,0.9291903298154158,0.9379583607136541,0.9722896376276973,0.0032928122306583045,0.968629863239561,0.9759494120158335,0.94402,0.98018,0.98748,0.9930599999999999
identity,1,52,DT,25,True,0.8714399999999999,0.007259074780346773,0.8633719493181764,0.8795080506818234,0.8714399999999999,0.007259074780346801,0.8633719493181764,0.8795080506818234,0.9383912626262628,0.004967736219290375,0.9328699050422802,0.9439126202102455,0.06172545454545455,0.00481945125430759,0.05636890730563211,0.06708200178527698,0.877035675852769,0.007565244024930485,0.8686273353878446,0.8854440163176933,0.8714399999999999,0.007259074780346801,0.8633719493181764,0.8795080506818234,0.8712231108204793,0.00743884755239854,0.8629552528794646,0.879490968761494,0.7939258726883167,0.015492464671802963,0.7767068752346916,0.8111448701419418,0.87146,0.8821599999999999,0.8888799999999999,0.91034
identity,1,52,RF,25,True,0.95626,0.004637078821844647,0.9511061493947489,0.9614138506052511,0.95626,0.004637078821844637,0.951106149394749,0.961413850605251,0.9992527626262625,0.0003489670068949994,0.9988649055531358,0.9996406196993892,0.002595555555555556,0.0008875800669042764,0.0016090605571367834,0.003582050553974328,0.9578820744533014,0.004180765700227843,0.9532353900508223,0.9625287588557806,0.95626,0.004637078821844637,0.951106149394749,0.961413850605251,0.956130360608987,0.004627236994827817,0.950987448637319,0.9612732725806551,0.9770455928534979,0.0021620410352020413,0.9746426066361058,0.97944857907089,0.95614,0.9939399999999999,0.9969800000000001,0.9987599999999999
identity,2,78,MLP,25,True,0.93662,0.007388448190700558,0.9284081580964026,0.9448318419035974,0.93662,0.007388448190700555,0.9284081580964026,0.9448318419035974,0.9985827474747474,0.0004129704997040655,0.9981237541426039,0.9990417408068909,0.0049504040404040415,0.0013110448815456571,0.0034932518728725387,0.006407556207935544,0.9380337616260858,0.007577857365386734,0.9296114021472861,0.9464561211048854,0.93662,0.007388448190700555,0.9284081580964026,0.9448318419035974,0.9356138725129434,0.007600359223156158,0.9271665034930641,0.9440612415328227,0.9664144648566293,0.004673713377298887,0.9612198970168746,0.971609032696384,0.93662,0.9879600000000001,0.9943799999999999,0.9977400000000002
identity,2,78,LR,25,True,0.9405800000000001,0.004365298767934809,0.9357282175391894,0.9454317824608107,0.9405800000000001,0.0043652987679348235,0.9357282175391894,0.9454317824608107,0.9978478282828283,0.0006627026541690858,0.9971112717983448,0.9985843847673117,0.00512838383838384,0.0010365753241052766,0.003976289046214002,0.006280478630553678,0.94418774750343,0.004024217187845911,0.9397150579102455,0.9486604370966146,0.9405800000000001,0.0043652987679348235,0.9357282175391894,0.9454317824608107,0.9410718911762974,0.004208536749614697,0.9363943408245451,0.9457494415280497,0.9660221455930141,0.0031521192610578187,0.9625187434759538,0.9695255477100745,0.9405800000000001,0.9890599999999999,0.99464,0.99748
identity,2,78,SVM,25,True,0.93316,0.004801735797257752,0.9278231424878157,0.9384968575121843,0.93316,0.004801735797257767,0.9278231424878156,0.9384968575121844,0.998721888888889,0.00034340911102594726,0.9983402091023881,0.99910356867539,0.0063503030303030325,0.0012760070691708932,0.004932093407734032,0.007768512652872033,0.9398291427147233,0.004203350101375694,0.9351573570288721,0.9445009284005744,0.93316,0.004801735797257767,0.9278231424878156,0.9384968575121844,0.9345153040672431,0.004727008170746889,0.9292615020815915,0.9397691060528948,0.9735641892620095,0.0035414402401315647,0.9696280789161859,0.9775002996078331,0.94584,0.98068,0.9886400000000001,0.9936800000000001
identity,2,78,DT,25,True,0.86042,0.005812486559124243,0.8539597502346447,0.8668802497653553,0.8604200000000002,0.00581248655912426,0.8539597502346449,0.8668802497653555,0.93429848989899,0.006066718511003828,0.9275556757112021,0.9410413040867779,0.06591464646464647,0.00579650778447624,0.0594721562027533,0.07235713672653964,0.8670004273953482,0.005892011187227326,0.8604517905077489,0.8735490642829475,0.8604200000000002,0.00581248655912426,0.8539597502346449,0.8668802497653555,0.8604402086952742,0.005981046254080061,0.853792614371147,0.8670878030194014,0.779401354739724,0.018370050898668656,0.7589840830952164,0.7998186263842317,0.8606200000000002,0.8739,0.8815,0.9033
identity,2,78,RF,25,True,0.9561599999999999,0.004803904661835009,0.9508207319176175,0.9614992680823823,0.95616,0.004803904661834995,0.9508207319176176,0.9614992680823824,0.9992436363636362,0.00030299170278846383,0.99890687823836,0.9995803944889124,0.00251949494949495,0.0006857736617015085,0.0017572963461898738,0.003281693552800026,0.9579696183325507,0.004387418982830518,0.9530932505051097,0.9628459861599916,0.95616,0.004803904661834995,0.9508207319176176,0.9614992680823824,0.9561186532059344,0.0047859366055880365,0.950799355600898,0.9614379508109707,0.9774490114008806,0.001791092609987908,0.9754583133587078,0.9794397094430534,0.9562,0.99402,0.9973399999999999,0.99894
identity,3,104,MLP,25,True,0.94026,0.005809690181068167,0.9338028582505509,0.9467171417494491,0.94026,0.0058096901810681814,0.9338028582505509,0.9467171417494491,0.9985503030303029,0.000391403897715445,0.9981152797553835,0.9989853263052223,0.004563636363636365,0.0010703057245219686,0.0033740521408827757,0.005753220586389955,0.9421094796502887,0.005655367427213356,0.9358238589055315,0.9483951003950458,0.94026,0.0058096901810681814,0.9338028582505509,0.9467171417494491,0.9395785991872948,0.005798879103715635,0.9331334733383075,0.9460237250362821,0.96798293869989,0.003981921729935301,0.9635572581138254,0.9724086192859547,0.94026,0.98982,0.99458,0.9976600000000001
identity,3,104,LR,25,True,0.9441000000000002,0.003886407938787017,0.9397804775857571,0.9484195224142432,0.9441000000000002,0.003886407938787002,0.9397804775857571,0.9484195224142432,0.9981081717171718,0.000593094917257053,0.9974489802917691,0.9987673631425745,0.004556666666666668,0.0008175545122946918,0.0036480011080468246,0.0054653322252865115,0.9470248816364184,0.0033866309813014675,0.9432608330180257,0.9507889302548111,0.9441000000000002,0.003886407938787002,0.9397804775857571,0.9484195224142432,0.944396706626242,0.0037115118756731436,0.9402715712852764,0.9485218419672076,0.9687711841621176,0.002493355745225292,0.9659999604002745,0.9715424079239607,0.9441000000000002,0.9901800000000001,0.9949800000000001,0.99804
identity,3,104,SVM,25,True,0.9348399999999999,0.00579101315257815,0.92840361671041,0.9412763832895897,0.9348399999999999,0.0057910131525781595,0.92840361671041,0.9412763832895897,0.9987812626262627,0.0003406529387456576,0.9984026461692243,0.9991598790833011,0.006186565656565659,0.001208267433967834,0.004843644803781229,0.007529486509350089,0.9416520312822982,0.004754912897991542,0.936367214772002,0.9469368477925945,0.9348399999999999,0.0057910131525781595,0.92840361671041,0.9412763832895897,0.9361794463282993,0.005501501267577504,0.9300648391096076,0.942294053546991,0.9758937878740666,0.0033613966208509483,0.9721577858187964,0.9796297899293367,0.9474799999999999,0.9814800000000001,0.9888000000000001,0.99342
identity,3,104,DT,25,True,0.84706,0.007099471811339213,0.8391693389830976,0.8549506610169024,0.8470600000000001,0.0070994718113391725,0.8391693389830978,0.8549506610169025,0.9270661414141415,0.00732160071864907,0.9189285966914911,0.9352036861367918,0.07314303030303031,0.0069782894976487785,0.06538705656765889,0.08089900403840172,0.8541788276083114,0.006165845408746199,0.8473258394852609,0.861031815731362,0.8470600000000001,0.0070994718113391725,0.8391693389830978,0.8549506610169025,0.8468216074884861,0.006628119793977033,0.8394548275556241,0.8541883874213482,0.7542887911503793,0.021927521180442052,0.7299175926762244,0.7786599896245342,0.8474200000000001,0.86082,0.86936,0.89446
identity,3,104,RF,25,True,0.95648,0.003698197759269593,0.9523696625457042,0.9605903374542958,0.95648,0.003698197759269633,0.9523696625457042,0.9605903374542958,0.9993433838383838,0.000251249851628608,0.9990641338515635,0.9996226338252042,0.00238989898989899,0.0007246246479056212,0.001584519714784024,0.0031952782650139563,0.9584339141037025,0.0032362863478571004,0.9548369650343671,0.9620308631730379,0.95648,0.003698197759269633,0.9523696625457042,0.9605903374542958,0.9564983238432734,0.0036305714095827323,0.9524631492483241,0.9605334984382227,0.977820736096026,0.0014338095397432658,0.9762271379606204,0.9794143342314316,0.9563999999999999,0.9944,0.9976599999999999,0.9992000000000002
identity,4,130,MLP,25,True,0.93568,0.005157680357163135,0.9299475302595175,0.9414124697404824,0.93568,0.00515768035716317,0.9299475302595175,0.9414124697404824,0.9986657979797979,0.0004649883863537981,0.998148989711378,0.9991826062482179,0.004343535353535355,0.0012280260189732042,0.002978653952051793,0.005708416755018916,0.9380946040899399,0.004919407843259529,0.9326269607600441,0.9435622474198357,0.93568,0.00515768035716317,0.9299475302595175,0.9414124697404824,0.9353165993704462,0.00526942879735146,0.9294599275647784,0.941173271176114,0.9671578303535917,0.004277355208420687,0.9624037921806924,0.971911868526491,0.93568,0.98956,0.9951800000000002,0.9981
identity,4,130,LR,25,True,0.9403199999999999,0.0039761790704141925,0.9359007020549008,0.944739297945099,0.9403199999999999,0.003976179070414198,0.9359007020549008,0.944739297945099,0.9978570909090909,0.0006747412211271925,0.9971071542389373,0.9986070275792446,0.00499808080808081,0.000902986507856427,0.003994462422703,0.00600169919345862,0.9433273523256679,0.003761032060468992,0.9391471781026415,0.9475075265486943,0.9403199999999999,0.003976179070414198,0.9359007020549008,0.944739297945099,0.9406382627738371,0.003912780315954923,0.9362894289553133,0.9449870965923609,0.9664931899447364,0.002645151822309282,0.9635532534363969,0.969433126453076,0.9403199999999999,0.98988,0.99444,0.9979
identity,4,130,SVM,25,True,0.93214,0.005964338465691993,0.9255109754368375,0.9387690245631625,0.93214,0.00596433846569202,0.9255109754368375,0.9387690245631625,0.998684303030303,0.000393962478549658,0.9982464360376277,0.9991221700229782,0.006576969696969699,0.0012410537423450424,0.005197608718458313,0.007956330675481085,0.9395534210590628,0.0047608335015395025,0.9342620241330887,0.9448448179850369,0.93214,0.00596433846569202,0.9255109754368375,0.9387690245631625,0.9336104431272035,0.005664817363388665,0.9273143193133488,0.9399065669410582,0.9738295762979378,0.003738090270325917,0.9696749005759197,0.9779842520199559,0.9446599999999999,0.9804200000000001,0.9880199999999999,0.99334
identity,4,130,DT,25,True,0.83304,0.007612927601564766,0.8245786619390161,0.8415013380609839,0.83304,0.007612927601564773,0.824578661939016,0.841501338060984,0.9190429747474748,0.006015751908377952,0.912356807053284,0.9257291424416655,0.08114090909090908,0.005693981649316478,0.07481237082423711,0.08746944735758105,0.8403040866492907,0.006634606199035903,0.8329300974444014,0.84767807585418,0.83304,0.007612927601564773,0.824578661939016,0.841501338060984,0.8328478724977562,0.0073604255486413896,0.8246671761744445,0.8410285688210678,0.7302858138134732,0.018569071096916773,0.7096473424851547,0.7509242851417918,0.8327199999999999,0.84578,0.8552200000000001,0.8833399999999999
identity,4,130,RF,25,True,0.9543599999999999,0.004684904837169415,0.9491529934861481,0.9595670065138516,0.9543599999999999,0.004684904837169422,0.9491529934861481,0.9595670065138516,0.9992676464646465,0.00026352973561937675,0.9989747480819351,0.9995605448473579,0.002880606060606061,0.0007287499610968965,0.0020706417334131473,0.0036905703877989746,0.9562282035331543,0.004388424217731645,0.9513507184440272,0.9611056886222814,0.9543599999999999,0.004684904837169422,0.9491529934861481,0.9595670065138516,0.9543679607875927,0.004718300232748304,0.9491238371820697,0.9596120843931156,0.9759242426253014,0.0017133235098153493,0.9740199805354584,0.9778285047151445,0.9543599999999999,0.99344,0.9975799999999999,0.9992
identity,5,156,MLP,25,True,0.93068,0.006544526975521859,0.9234061287526578,0.9379538712473421,0.93068,0.0065445269755218735,0.9234061287526578,0.9379538712473421,0.9984281616161615,0.00048370722206998826,0.9978905484215171,0.998965774810806,0.005251919191919194,0.001165127287653902,0.003956946169597181,0.006546892214241207,0.9334323987143588,0.00632181585221442,0.9264060582728867,0.9404587391558309,0.93068,0.0065445269755218735,0.9234061287526578,0.9379538712473421,0.9304041252948768,0.006544497609586346,0.9231302866861095,0.9376779639036441,0.9626300161387407,0.004685775795226777,0.9574220416043131,0.9678379906731682,0.93068,0.9872799999999999,0.9940399999999999,0.99774
identity,5,156,LR,25,True,0.937,0.00450924975282287,0.9319882241685576,0.9420117758314425,0.937,0.004509249752822878,0.9319882241685576,0.9420117758314425,0.9978590404040404,0.0007210536823805515,0.9970576300549541,0.9986604507531267,0.004872020202020204,0.0008446736041822819,0.0039332133079802494,0.005810827096060158,0.9400179258692237,0.004165535528251159,0.935388168940716,0.9446476827977315,0.937,0.004509249752822878,0.9319882241685576,0.9420117758314425,0.937233413992857,0.004449565613992504,0.932287973703003,0.942178854282711,0.9655525496205688,0.0025646174546114847,0.9627021225028713,0.9684029767382663,0.937,0.9897800000000001,0.99492,0.9977400000000002
identity,5,156,SVM,25,True,0.92944,0.006067879915313626,0.9226958949770689,0.9361841050229311,0.92944,0.006067879915313658,0.9226958949770689,0.9361841050229311,0.9986406464646466,0.00039108753806187997,0.9982059748055729,0.9990753181237202,0.00677777777777778,0.0011660588808492718,0.005481769342356645,0.008073786213198915,0.9380210130901528,0.004870978425557109,0.932607196316442,0.9434348298638637,0.92944,0.006067879915313658,0.9226958949770689,0.9361841050229311,0.9312335851663427,0.005801877751467582,0.9247851264901327,0.9376820438425527,0.9724715158153873,0.003561999913901147,0.9685125545560528,0.9764304770747217,0.9418,0.9785399999999999,0.98714,0.99354
identity,5,156,DT,25,True,0.8251400000000001,0.008780328391732666,0.8153811620473529,0.8348988379526473,0.8251400000000001,0.008780328391732692,0.8153811620473529,0.8348988379526473,0.9175928535353535,0.009413420605212898,0.9071303694268001,0.9280553376439068,0.08272606060606061,0.009014812100439891,0.07270660728531803,0.09274551392680319,0.8329024673171693,0.007821201113192615,0.8242096450383833,0.8415952895959553,0.8251400000000001,0.008780328391732692,0.8153811620473529,0.8348988379526473,0.8247639559098506,0.008194976166551519,0.8156557038186779,0.8338722080010234,0.7265415972384796,0.02946379518924452,0.6937942568323329,0.7592889376446262,0.8251200000000002,0.8429800000000002,0.8528200000000001,0.87884
identity,5,156,RF,25,True,0.95348,0.004343289843732129,0.9486526792125145,0.9583073207874855,0.9534800000000001,0.004343289843732143,0.9486526792125146,0.9583073207874856,0.9992572777777778,0.00030480319030970905,0.9989185062866701,0.9995960492688856,0.0030013131313131325,0.0007930948512530132,0.002119833101278663,0.0038827931613476018,0.955489568203253,0.004092267065639956,0.9509412450232069,0.9600378913832992,0.9534800000000001,0.004343289843732143,0.9486526792125146,0.9583073207874856,0.9534407266338704,0.004419584072085987,0.948528609130589,0.9583528441371517,0.9754267642717963,0.0016616197897683558,0.9735799679398357,0.9772735606037569,0.9534799999999999,0.9936,0.99736,0.9991199999999999
identity,6,182,MLP,25,True,0.9311799999999999,0.005615974240206825,0.9249381625525506,0.9374218374474492,0.9311799999999999,0.005615974240206843,0.9249381625525506,0.9374218374474492,0.9986168282828284,0.0004453084908620443,0.9981218931041679,0.9991117634614889,0.004795757575757577,0.001100725133402592,0.0035723639020772053,0.00601915124943795,0.9335105471597496,0.005870049786000165,0.9269863191263784,0.9400347751931207,0.9311799999999999,0.005615974240206843,0.9249381625525506,0.9374218374474492,0.9306043068874316,0.005892894924999855,0.9240546877753265,0.9371539259995366,0.9650148053226136,0.003929999992800696,0.9606468328080824,0.9693827778371449,0.9311799999999999,0.9886400000000001,0.9947999999999999,0.99792
identity,6,182,LR,25,True,0.9375999999999999,0.004120578438358701,0.9330202103318848,0.942179789668115,0.9375999999999999,0.004120578438358675,0.9330202103318849,0.9421797896681149,0.9979816363636362,0.0007869889078533483,0.9971069427440328,0.9988563299832397,0.004889696969696972,0.0008670221795219635,0.0039260508993207615,0.005853343040073182,0.9404199902301358,0.00405428514544543,0.9359138818042276,0.9449260986560439,0.9375999999999999,0.004120578438358675,0.9330202103318849,0.9421797896681149,0.937687921659408,0.004183279288780272,0.9330384435455471,0.9423373997732688,0.9660914407689641,0.002806320536127778,0.962972374358983,0.9692105071789453,0.9375999999999999,0.9904400000000001,0.9949600000000001,0.9981200000000001
identity,6,182,SVM,25,True,0.93072,0.005566042879221571,0.9245336584336693,0.9369063415663307,0.93072,0.00556604287922156,0.9245336584336693,0.9369063415663307,0.9987254949494949,0.00038494343577561015,0.9982976521122946,0.9991533377866952,0.006401414141414142,0.0011217512334948845,0.005154651147769607,0.007648177135058677,0.9394142354184991,0.004083647071095196,0.9348754928744112,0.943952977962587,0.93072,0.00556604287922156,0.9245336584336693,0.9369063415663307,0.9325339214256558,0.005187590567007414,0.9267682081801497,0.938299634671162,0.9735672648450486,0.003434097139789281,0.9697504602785579,0.9773840694115393,0.94344,0.98054,0.9880800000000001,0.9938600000000001
identity,6,182,DT,25,True,0.82302,0.008610168407179972,0.8134502852374191,0.8325897147625808,0.82302,0.008610168407179942,0.8134502852374191,0.8325897147625808,0.9156571767676768,0.007885393709680916,0.9068930080518397,0.9244213454835138,0.08460848484848485,0.007512340609401085,0.0762589435350569,0.0929580261619128,0.8308155940124154,0.008561222587354745,0.8213002797577453,0.8403309082670856,0.82302,0.008610168407179942,0.8134502852374191,0.8325897147625808,0.8227007803673636,0.00859070605316686,0.8131526969095036,0.8322488638252236,0.7196268561278398,0.02483258235451212,0.6920268466143427,0.747226865641337,0.8233400000000001,0.8394199999999998,0.8504200000000001,0.87692
identity,6,182,RF,25,True,0.9535199999999999,0.004715842095179481,0.9482786084752295,0.9587613915247704,0.95352,0.004715842095179452,0.9482786084752296,0.9587613915247705,0.9992399191919192,0.0003005118270534468,0.9989059173081366,0.9995739210757019,0.002865656565656566,0.0008108289234948805,0.001964466118251845,0.003766847013061287,0.9553397165442057,0.004303281588848124,0.9505568626671548,0.9601225704212566,0.95352,0.004715842095179452,0.9482786084752296,0.9587613915247705,0.953392357927936,0.0047566528073899085,0.9481056076068398,0.9586791082490321,0.9754645079881553,0.0021074995092459597,0.9731221415892652,0.9778068743870454,0.95368,0.9937600000000001,0.9974799999999999,0.99922
single_key,1,109,MLP,25,True,0.8594200000000001,0.009250765734071248,0.8491382975728214,0.8697017024271787,0.8594200000000001,0.009250765734071251,0.8491382975728214,0.8697017024271787,0.9969694444444444,0.0005913524715034129,0.9963121896488568,0.9976266992400319,0.011582929292929296,0.0018266687619659593,0.009552690371800425,0.013613168214058167,0.864492798862812,0.009346057513235329,0.8541051850175643,0.8748804127080598,0.8594200000000001,0.009250765734071251,0.8491382975728214,0.8697017024271787,0.8587555455434809,0.009295021290573342,0.8484246555705591,0.8690864355164026,0.9153563163439125,0.007287492227249409,0.9072566812785696,0.9234559514092553,0.8594200000000001,0.9729800000000001,0.9890599999999999,0.9955600000000001
single_key,1,109,LR,25,True,0.86292,0.007089722608583979,0.8550401746700573,0.8707998253299427,0.86292,0.007089722608583949,0.8550401746700573,0.8707998253299427,0.9970056666666666,0.00045358309835450355,0.996501534730204,0.9975097986031292,0.011832222222222223,0.0013038654812432022,0.010383049551700742,0.013281394892743704,0.8683799768897501,0.006800367672829177,0.8608217531905036,0.8759382005889966,0.86292,0.007089722608583949,0.8550401746700573,0.8707998253299427,0.8625798065229521,0.007104455985213211,0.854683605878943,0.8704760071669612,0.9148081334785707,0.005903516813938823,0.9082467087382156,0.9213695582189259,0.86292,0.9722200000000001,0.9886400000000001,0.9960800000000002
single_key,1,109,SVM,25,True,0.7966599999999999,0.007780477705985253,0.7880124394829711,0.8053075605170288,0.7966600000000001,0.007780477705985231,0.7880124394829714,0.8053075605170289,0.9933291616161616,0.0006456046999946686,0.992611608539827,0.9940467146924962,0.02481444444444445,0.001921436492021393,0.022678876556164195,0.026950012332724708,0.8071153970073859,0.00710597082967802,0.7992175126995096,0.8150132813152622,0.7966600000000001,0.007780477705985231,0.7880124394829714,0.8053075605170289,0.7975511302821494,0.007569795269329226,0.789137731366722,0.8059645291975768,0.8682672289572377,0.005539188402591306,0.8621107346214485,0.874423723293027,0.8100400000000001,0.93592,0.965,0.9823000000000001
single_key,1,109,DT,25,True,0.7382000000000001,0.011843598833687899,0.7250365103629896,0.7513634896370106,0.7382000000000001,0.011843598833687881,0.7250365103629897,0.7513634896370105,0.8683903535353537,0.006025232923468289,0.8616936482296107,0.8750870588410966,0.13158545454545453,0.006019787383609398,0.12489480164899246,0.1382761074419166,0.7483937417665111,0.012666150692903886,0.7343160323026777,0.7624714512303444,0.7382000000000001,0.011843598833687881,0.7250365103629897,0.7513634896370105,0.7383033236882842,0.012165883583072567,0.724781632796886,0.7518250145796824,0.5801604611384714,0.016911881293220764,0.5613638624633757,0.5989570598135672,0.7382000000000001,0.7473199999999999,0.76176,0.7959599999999999
single_key,1,109,RF,25,True,0.9021600000000001,0.00684914836555126,0.89454755932227,0.9097724406777301,0.9021600000000001,0.006849148365551224,0.8945475593222701,0.90977244067773,0.9972158181818181,0.0005710553046601971,0.9965811225381535,0.9978505138254828,0.01077858585858586,0.0017716730800290848,0.008809471524621932,0.01274770019254979,0.9062707619810216,0.00642506305782493,0.8991296681153421,0.9134118558467011,0.9021600000000001,0.006849148365551224,0.8945475593222701,0.90977244067773,0.9006289806358501,0.007222189473542071,0.8926019258844613,0.9086560353872388,0.9407414898547376,0.004245534124719771,0.9360228190149789,0.9454601606944963,0.9021399999999999,0.97966,0.9901399999999999,0.9957199999999999
single_key,2,180,MLP,25,True,0.84588,0.009847038471879082,0.834935574179773,0.8568244258202269,0.84588,0.009847038471879073,0.834935574179773,0.8568244258202269,0.9969796969696971,0.0005681556625105594,0.9963482241141328,0.9976111698252614,0.012080808080808083,0.0016641305569251852,0.010231221173287333,0.013930394988328832,0.8510654044157281,0.009860568880201167,0.8401059403126081,0.8620248685188481,0.84588,0.009847038471879073,0.834935574179773,0.8568244258202269,0.845074351115231,0.009917874260875382,0.8340511953255516,0.8560975069049104,0.904977453410689,0.008204034888955556,0.8958591330623789,0.9140957737589992,0.84588,0.9727799999999999,0.98932,0.9961
single_key,2,180,LR,25,True,0.8431799999999999,0.00707236405548621,0.8353194677191569,0.851040532280843,0.8431799999999999,0.0070723640554861715,0.835319467719157,0.8510405322808429,0.9964318585858587,0.00047620894086705093,0.9959025793062933,0.9969611378654241,0.013423232323232328,0.0014407461971604092,0.01182192448579202,0.015024540160672636,0.8506048562535033,0.006524391757103747,0.8433533641615774,0.8578563483454293,0.8431799999999999,0.0070723640554861715,0.835319467719157,0.8510405322808429,0.8433944155539307,0.006961445721685631,0.8356571627220154,0.851131668385846,0.9016010641555247,0.006659854414594566,0.8941990129883444,0.909003115322705,0.8431799999999999,0.96894,0.98622,0.99528
single_key,2,180,SVM,25,True,0.7833399999999999,0.009096382064681927,0.7732298862816814,0.7934501137183184,0.78334,0.009096382064681925,0.7732298862816815,0.7934501137183185,0.9940250202020202,0.0006614919954105099,0.9932898092962115,0.994760231107829,0.02360212121212122,0.002032710131037403,0.021342878973280105,0.025861363450962335,0.7993121834004296,0.008128540349724742,0.7902777709587254,0.8083465958421339,0.78334,0.009096382064681925,0.7732298862816815,0.7934501137183185,0.7858519787689187,0.009030541285589968,0.7758150433493116,0.7958889141885257,0.8621856468019571,0.007544415466861621,0.8538004561002208,0.8705708375036934,0.7974399999999998,0.9395600000000001,0.96876,0.98536
single_key,2,180,DT,25,True,0.67512,0.014400000000000005,0.6591152151846124,0.6911247848153877,0.67512,0.014400000000000015,0.6591152151846124,0.6911247848153877,0.836717303030303,0.007115381537499404,0.8288089592534238,0.8446256468071822,0.16325747474747476,0.007102436753811108,0.15536351836486037,0.17115143113008915,0.6862013731706514,0.013868789188172442,0.6707869991007435,0.7016157472405594,0.67512,0.014400000000000015,0.6591152151846124,0.6911247848153877,0.6750078837516184,0.014009735714031737,0.6594368555972066,0.6905789119060302,0.49132940147898163,0.018746826771846248,0.4704933647807353,0.512165438177228,0.67512,0.6867399999999999,0.7047599999999999,0.74396
single_key,2,180,RF,25,True,0.90252,0.006117733785207288,0.8957204852229118,0.9093195147770882,0.90252,0.0061177337852072605,0.8957204852229118,0.9093195147770882,0.9972980606060606,0.0006979041724748579,0.9965223796267397,0.9980737415853815,0.011390808080808083,0.0019277498754209515,0.009248223224280119,0.013533392937336047,0.9072194431954851,0.0057069620295253825,0.9008764779710308,0.9135624084199394,0.90252,0.0061177337852072605,0.8957204852229118,0.9093195147770882,0.9014621994374548,0.006220609348008268,0.8945483442961033,0.9083760545788062,0.9371820062641073,0.0045277473953963514,0.9321496713500969,0.9422143411781178,0.9026999999999998,0.9796400000000002,0.99092,0.9963400000000001
single_key,3,234,MLP,25,True,0.85072,0.010758794851964923,0.8387622085778751,0.862677791422125,0.85072,0.010758794851964914,0.8387622085778751,0.862677791422125,0.9972312727272726,0.00043110514258688196,0.9967521237661677,0.9977104216883775,0.011373535353535358,0.001749536082779797,0.009429025038837656,0.01331804566823306,0.856005297994707,0.01075797411586229,0.8440484187742983,0.8679621772151158,0.85072,0.010758794851964914,0.8387622085778751,0.862677791422125,0.850212758056822,0.0109702670968565,0.8380199272059528,0.8624055889076911,0.9110740186938646,0.007969274181379006,0.9022166215822122,0.9199314158055171,0.85072,0.97334,0.9886800000000001,0.99618
single_key,3,234,LR,25,True,0.8466600000000001,0.008250909040826959,0.8374895816854325,0.8558304183145676,0.8466600000000001,0.008250909040826959,0.8374895816854325,0.8558304183145676,0.9968605252525253,0.00036770846724820823,0.9964518381071709,0.9972692123978798,0.01262505050505051,0.0013779482078970049,0.011093539077679635,0.014156561932421386,0.8545631694284785,0.007842292070250157,0.8458469057448831,0.863279433112074,0.8466600000000001,0.008250909040826959,0.8374895816854325,0.8558304183145676,0.8471200055052226,0.008074429592493595,0.8381457341069686,0.8560942769034766,0.9067606000675309,0.005938536387550455,0.900160253053566,0.9133609470814958,0.8466600000000001,0.9703,0.9866000000000001,0.99512
single_key,3,234,SVM,25,True,0.7862600000000001,0.009413111423257821,0.7757978595296869,0.7967221404703132,0.7862600000000001,0.00941311142325779,0.7757978595296869,0.7967221404703132,0.9939417474747475,0.0007238824764785989,0.9931371930811593,0.9947463018683357,0.02414262626262627,0.001986873934431507,0.021934328361523567,0.02635092416372897,0.803973813261532,0.008694077598293921,0.7943108381831309,0.8136367883399332,0.7862600000000001,0.00941311142325779,0.7757978595296869,0.7967221404703132,0.7896203008712966,0.009169670845634895,0.77942873082183,0.7998118709207633,0.8627049364056287,0.0075496620837844745,0.8543139143861939,0.8710959584250636,0.79874,0.9377200000000001,0.9657399999999999,0.98386
single_key,3,234,DT,25,True,0.6361399999999999,0.00939694099162062,0.6256958320490428,0.6465841679509571,0.6361399999999999,0.009396940991620608,0.6256958320490428,0.6465841679509571,0.8165588686868687,0.004743134628873034,0.8112871430559293,0.821830594317808,0.18341151515151516,0.004732712058973494,0.17815137361699704,0.18867165668603328,0.6472067150665615,0.01026657193924512,0.6357960015471645,0.6586174285859584,0.6361399999999999,0.009396940991620608,0.6256958320490428,0.6465841679509571,0.6359662849338829,0.00923411684445279,0.6257030868050208,0.6462294830627449,0.44279446033538783,0.010992581438320109,0.4305768283571977,0.455012092313578,0.6361399999999999,0.65078,0.6706400000000001,0.71512
single_key,3,234,RF,25,True,0.8943599999999999,0.006160221857476674,0.8875132621358359,0.9012067378641639,0.8943599999999999,0.006160221857476635,0.8875132621358359,0.9012067378641639,0.9971377373737372,0.0006211465648236828,0.9964473681300692,0.9978281066174053,0.01274717171717172,0.0019211867623048905,0.010611881389334145,0.014882462045009294,0.8998009109482059,0.0053708501649559455,0.8938315150339136,0.9057703068624983,0.8943599999999999,0.006160221857476635,0.8875132621358359,0.9012067378641639,0.8931951742991402,0.006102173194333705,0.8864129542379223,0.8999773943603581,0.9290001278025629,0.004322226190213355,0.9241962180735492,0.9338040375315766,0.89452,0.98006,0.9906400000000001,0.9960600000000001
single_key,4,288,MLP,25,True,0.8343799999999999,0.011001212054435931,0.8221527755805765,0.8466072244194233,0.83438,0.011001212054435933,0.8221527755805766,0.8466072244194234,0.9969387474747474,0.0005791152458310506,0.9962950936627449,0.9975824012867499,0.012358787878787884,0.001992114018685303,0.01014466592067848,0.014572909836897288,0.8400878529790158,0.011130800640434603,0.8277165981822703,0.8524591077757613,0.83438,0.011001212054435933,0.8221527755805766,0.8466072244194234,0.8338144122855651,0.011384299817268684,0.8211614075043677,0.8464674170667624,0.9000927573077578,0.01116483901748203,0.8876836707818381,0.9125018438336776,0.8343799999999999,0.9693999999999999,0.9868399999999999,0.99588
single_key,4,288,LR,25,True,0.8338599999999999,0.008134955439337099,0.8248184575493501,0.8429015424506497,0.8338599999999999,0.00813495543933708,0.8248184575493501,0.8429015424506497,0.9962217575757576,0.00042357364263484405,0.9957509794504908,0.9966925357010243,0.014610808080808084,0.0008898972581454323,0.013621737655501061,0.015599878506115106,0.8415236707924207,0.008940238849938414,0.8315871014180156,0.8514602401668259,0.8338599999999999,0.00813495543933708,0.8248184575493501,0.8429015424506497,0.8339912379070499,0.008378542748555134,0.8246789619516921,0.8433035138624076,0.89481661358434,0.005835444739325458,0.8883308471013546,0.9013023800673253,0.8338599999999999,0.9642999999999999,0.9842799999999999,0.9943400000000001
single_key,4,288,SVM,25,True,0.7833199999999999,0.009371810568579232,0.7729037630916189,0.7937362369083809,0.7833199999999999,0.009371810568579188,0.7729037630916189,0.7937362369083809,0.9935195858585858,0.000605146740504389,0.9928469995138979,0.9941921722032737,0.02507444444444445,0.0017724735182470621,0.023104440468714082,0.02704444842017482,0.8012569493350764,0.010124216204551666,0.7900044561560271,0.8125094425141257,0.7833199999999999,0.009371810568579188,0.7729037630916189,0.7937362369083809,0.7865340158540469,0.009747898838288933,0.7756997781242565,0.7973682535838373,0.8595448963140875,0.007273049804842391,0.8514613131836639,0.867628479444511,0.7958200000000001,0.93534,0.96514,0.9826999999999999
single_key,4,288,DT,25,True,0.5855999999999999,0.013173521422408914,0.5709583766926003,0.6002416233073995,0.5855999999999999,0.013173521422408902,0.5709583766926003,0.6002416233073995,0.7941669191919192,0.010395562046997453,0.782612840469891,0.8057209979139474,0.20610757575757577,0.00956039776057678,0.19548173486121845,0.2167334166539331,0.5959053504110292,0.011961876186000819,0.5826104021926088,0.6092002986294496,0.5855999999999999,0.013173521422408902,0.5709583766926003,0.6002416233073995,0.584872334626622,0.012993481852204548,0.5704308151094568,0.5993138541437872,0.3916269956543492,0.019098601257073265,0.3703999815297416,0.41285400977895687,0.5855,0.60788,0.62928,0.67688
single_key,4,288,RF,25,True,0.88336,0.008033160440739786,0.8744315969276719,0.8922884030723282,0.88336,0.008033160440739755,0.8744315969276719,0.8922884030723282,0.9964236363636363,0.0005444420482212337,0.9958185198479259,0.9970287528793467,0.014903333333333338,0.0016489830541105016,0.013070582017690329,0.016736084648976347,0.8882968019812197,0.007823255519144224,0.8796016963465185,0.896991907615921,0.88336,0.008033160440739755,0.8744315969276719,0.8922884030723282,0.8803330346044563,0.00851451718205516,0.8708696307637818,0.8897964384451309,0.9157371821015644,0.005142861234267138,0.9100211829772696,0.9214531812258592,0.88362,0.9763,0.9891800000000001,0.9959200000000001
single_key,5,359,MLP,25,True,0.8260200000000001,0.009138380600522184,0.8158632072866341,0.8361767927133661,0.8260200000000001,0.0091383806005222,0.8158632072866341,0.8361767927133661,0.9969819292929294,0.00033439688252129307,0.9966102660882287,0.9973535924976301,0.01225616161616162,0.001162702628347329,0.010963883465398797,0.013548439766924443,0.8319834781556448,0.009289183213801892,0.8216590768745607,0.8423078794367288,0.8260200000000001,0.0091383806005222,0.8158632072866341,0.8361767927133661,0.8253924754618174,0.009335505423016638,0.8150165896674934,0.8357683612561414,0.8917797852569556,0.007567651025075274,0.8833687695476308,0.9001908009662803,0.8260200000000001,0.9694000000000002,0.98834,0.99676
single_key,5,359,LR,25,True,0.82376,0.00641632033697405,0.8166286231736205,0.8308913768263796,0.82376,0.006416320336974073,0.8166286231736205,0.8308913768263796,0.9963953535353537,0.0004089957593964595,0.9959407779020518,0.9968499291686556,0.014142323232323235,0.0013036294396857465,0.012693412908630543,0.015591233556015927,0.8311681089383611,0.00614005738859929,0.8243437827398429,0.8379924351368794,0.82376,0.006416320336974073,0.8166286231736205,0.8308913768263796,0.8239611398151109,0.006317557762542131,0.8169395319992588,0.8309827476309629,0.8881858934138855,0.004908521449722656,0.8827303496941268,0.8936414371336443,0.82376,0.9652,0.9852599999999999,0.9953200000000001
single_key,5,359,SVM,25,True,0.7850199999999999,0.0075366880436082,0.7766433978917601,0.7933966021082398,0.7850199999999999,0.007536688043608161,0.7766433978917601,0.7933966021082398,0.9944219494949494,0.0005872888229671822,0.9937692112146667,0.9950746877752322,0.0230429292929293,0.001847985854020956,0.020988997630742787,0.02509686095511581,0.8058372920387527,0.006622101282426892,0.7984772013407704,0.8131973827367349,0.7850199999999999,0.007536688043608161,0.7766433978917601,0.7933966021082398,0.7892617248176783,0.007310473243723224,0.7811365476534812,0.7973869019818755,0.8612552904368905,0.006446608717628779,0.8540902497900398,0.8684203310837413,0.7993400000000002,0.9418599999999999,0.9693999999999999,0.9875
single_key,5,359,DT,25,True,0.5273399999999999,0.010982675751685786,0.5151333776317425,0.5395466223682573,0.5273399999999999,0.010982675751685786,0.5151333776317425,0.5395466223682573,0.7623088333333334,0.005897604020027629,0.7557539803286871,0.7688636863379797,0.23774444444444448,0.005744285907211088,0.23135999584284883,0.24412889304604013,0.5374000691441813,0.012097469847144805,0.5239544162473623,0.5508457220410002,0.5273399999999999,0.010982675751685786,0.5151333776317425,0.5395466223682573,0.5264783714653715,0.01168465700559509,0.5134915366725825,0.5394652062581604,0.3241657042973221,0.013078837472086121,0.3096293168406438,0.3387020917540004,0.5275,0.5489399999999999,0.5744,0.62472
single_key,5,359,RF,25,True,0.87198,0.005915164128463934,0.8654056299289051,0.8785543700710948,0.87198,0.005915164128463937,0.8654056299289051,0.8785543700710948,0.9959403989898991,0.000690612099621772,0.9951728227367498,0.9967079752430483,0.016710404040404043,0.0018552411095416172,0.014648408572426639,0.018772399508381447,0.8764079448375348,0.005028758704016786,0.8708187642162643,0.8819971254588054,0.87198,0.005915164128463937,0.8654056299289051,0.8785543700710948,0.8677561961221424,0.006335720679931569,0.8607144012518155,0.8747979909924692,0.9034232769651621,0.004477815893029213,0.8984464380894083,0.908400115840916,0.87236,0.97308,0.98796,0.99544
single_key,6,414,MLP,25,True,0.83248,0.008956468798211346,0.8225253919568676,0.8424346080431324,0.83248,0.008956468798211364,0.8225253919568676,0.8424346080431324,0.9969329494949497,0.0003430050306743764,0.9965517188208846,0.9973141801690149,0.012155656565656568,0.0012562642495946917,0.010759389969404658,0.013551923161908477,0.8379714441690393,0.008619156790668187,0.8283917393270441,0.8475511490110346,0.83248,0.008956468798211364,0.8225253919568676,0.8424346080431324,0.8316062464688424,0.008969182279388623,0.8216375081110922,0.8415749848265927,0.8960053301044187,0.007396156435777128,0.8877849209227828,0.9042257392860547,0.83248,0.97084,0.9887999999999999,0.9964
single_key,6,414,LR,25,True,0.82774,0.007195368880977075,0.8197427548189323,0.8357372451810677,0.8277399999999999,0.0071953688809770645,0.8197427548189322,0.8357372451810676,0.9965782828282829,0.00027173136024627567,0.996276268804093,0.9968802968524727,0.013681212121212125,0.001013779675531472,0.012554453401969435,0.014807970840454815,0.8353423845085475,0.006319443759294899,0.8283186805140711,0.8423660885030239,0.8277399999999999,0.0071953688809770645,0.8197427548189322,0.8357372451810676,0.8280501147917033,0.006898032190657696,0.8203833425096829,0.8357168870737237,0.8902865060370518,0.004778509877113696,0.8849754628202873,0.8955975492538164,0.82774,0.9660599999999999,0.9869,0.9961200000000001
single_key,6,414,SVM,25,True,0.7943399999999999,0.008612877954938572,0.784767273728473,0.8039127262715269,0.7943399999999999,0.008612877954938576,0.784767273728473,0.8039127262715269,0.9950562020202018,0.0005014535638687592,0.9944988647712693,0.9956135392691344,0.020856666666666676,0.0014601780569497272,0.01923376141710895,0.022479571916224402,0.8113445340583901,0.007214936473346044,0.8033255406061266,0.8193635275106537,0.7943399999999999,0.008612877954938576,0.784767273728473,0.8039127262715269,0.7974294081578912,0.008264577538666924,0.7882437980817488,0.8066150182340336,0.8712655873073518,0.0075230848930196445,0.8629041043309162,0.8796270702837874,0.8092400000000001,0.9480399999999999,0.9735,0.98882
single_key,6,414,DT,25,True,0.48097999999999996,0.01237813933244141,0.4672223988589853,0.4947376011410146,0.48097999999999996,0.012378139332441406,0.4672223988589853,0.4947376011410146,0.7381415707070709,0.006193813335646406,0.7312574978165363,0.7450256435976055,0.2618157575757576,0.006187009785032985,0.25493924644658045,0.26869226870493473,0.4902255754304751,0.012599347788447467,0.47622211361322986,0.5042290372477204,0.48097999999999996,0.012378139332441406,0.4672223988589853,0.4947376011410146,0.4797781919217144,0.012392103133698679,0.46600507080609366,0.4935513130373351,0.2723394182103268,0.01298327563257241,0.25790924232850826,0.28676959409214536,0.48097999999999996,0.50408,0.5320999999999999,0.5877
single_key,6,414,RF,25,True,0.86372,0.006941841734487092,0.8560045358900734,0.8714354641099267,0.86372,0.006941841734487079,0.8560045358900734,0.8714354641099267,0.995048222222222,0.0007849299032954011,0.9941758170696243,0.9959206273748197,0.019767878787878793,0.0019957394016444805,0.017549727421843346,0.02198603015391424,0.868355610964564,0.006304742038829692,0.8613482471001197,0.8753629748290084,0.86372,0.006941841734487079,0.8560045358900734,0.8714354641099267,0.8584721107167763,0.0070430337875054,0.8506441773684063,0.8663000440651464,0.8886081361541315,0.005445246219071148,0.882556053237254,0.894660219071009,0.8638000000000001,0.97024,0.9859800000000001,0.99494
per_subject,1,109,MLP,25,True,0.9579,0.005103103630798297,0.9522281892012812,0.9635718107987188,0.9579,0.005103103630798303,0.9522281892012812,0.9635718107987188,0.9995706969696968,0.00013216648547571266,0.9994238014030409,0.9997175925363527,0.0027172727272727283,0.0005994237474700612,0.0020510471653635894,0.0033834982891818672,0.9599471851881833,0.004999692101019386,0.9543903104506828,0.9655040599256839,0.9579,0.005103103630798303,0.9522281892012812,0.9635718107987188,0.9577684296700244,0.005213240548165827,0.9519742079225072,0.9635626514175416,0.9866479657816156,0.0023731032043590584,0.9840103959114438,0.9892855356517875,0.9579,0.9883200000000001,0.9941600000000002,0.9974600000000001
per_subject,1,109,LR,25,True,0.9779000000000001,0.0032177890960513045,0.9743236095789166,0.9814763904210836,0.9779000000000001,0.0032177890960512893,0.9743236095789166,0.9814763904210836,0.9998883838383837,4.8318239712152025e-05,0.9998346808502413,0.9999420868265262,0.0007736363636363637,0.00029811608764726343,0.0004422972085808292,0.0011049755186918983,0.9790251193032051,0.0030528478387756757,0.975632051752252,0.9824181868541583,0.9779000000000001,0.0032177890960512893,0.9743236095789166,0.9814763904210836,0.9778455805060995,0.0032729134244007967,0.9742079225146462,0.9814832384975528,0.9954023905940665,0.0011583734238691118,0.9941149241090048,0.9966898570791283,0.9779000000000001,0.9947400000000001,0.9973000000000001,0.9992
per_subject,1,109,SVM,25,True,0.9780599999999999,0.0028296053906272317,0.9749150537923993,0.9812049462076006,0.9780599999999999,0.0028296053906272218,0.9749150537923993,0.9812049462076006,0.9998141515151515,6.069168684670304e-05,0.9997466961409803,0.9998816068893227,0.0014021212121212124,0.00039503947238605613,0.0009630572017654414,0.0018411852224769834,0.9801364981689215,0.0024796235014300336,0.9773805370186738,0.9828924593191691,0.9780599999999999,0.0028296053906272218,0.9749150537923993,0.9812049462076006,0.9782686027777859,0.0028173646146123403,0.975137261499775,0.9813999440557969,0.9938900518033493,0.00134554856275213,0.9923945507474117,0.995385552859287,0.9762400000000001,0.99106,0.99396,0.9966799999999999
per_subject,1,109,DT,25,True,0.8315199999999998,0.007874642849044015,0.8227677802571539,0.8402722197428457,0.83152,0.007874642849044006,0.8227677802571541,0.8402722197428459,0.914909090909091,0.003977092348002017,0.9104887779076537,0.9193294039105283,0.08509090909090909,0.00397709234800203,0.08067059608947177,0.08951122209234641,0.8396752536723592,0.007537304797385372,0.8312979660772104,0.848052541267508,0.83152,0.007874642849044006,0.8227677802571541,0.8402722197428459,0.8313656033408008,0.007716896399006696,0.8227887098471381,0.8399424968344634,0.7095460585088597,0.012552399103832667,0.6955947774967967,0.7234973395209227,0.8315199999999998,0.83512,0.84508,0.86366
per_subject,1,109,RF,25,True,0.98614,0.002721519183593366,0.9831151854927527,0.9891648145072474,0.98614,0.0027215191835933458,0.9831151854927527,0.9891648145072474,0.9997504040404039,0.00017754205606424584,0.9995530760957518,0.999947731985056,0.0015402020202020202,0.0005909113031988288,0.0008834375582105239,0.0021969664821935167,0.9868650296194285,0.0025597418896201613,0.9840200214162129,0.989710037822644,0.98614,0.0027215191835933458,0.9831151854927527,0.9891648145072474,0.9860625910494852,0.002737353599100476,0.9830201774857887,0.9891050046131817,0.9947335059871185,0.0011485860218120242,0.993456917645378,0.996010094328859,0.9859200000000001,0.9963600000000001,0.9977800000000001,0.9989399999999999
per_subject,2,180,MLP,25,True,0.96662,0.004294570215205869,0.9618468283216012,0.9713931716783989,0.96662,0.004294570215205839,0.9618468283216013,0.9713931716783988,0.9997158383838385,0.00012959306132944974,0.9995718030324395,0.9998598737352374,0.0018119191919191927,0.0006076351425395029,0.0011365671292377934,0.002487271254600592,0.9681081399141434,0.004115080014557456,0.9635344614328174,0.9726818183954693,0.96662,0.004294570215205839,0.9618468283216013,0.9713931716783988,0.9664793107467253,0.004305980409604595,0.9616934572831839,0.9712651642102668,0.9913275039064838,0.0019179329416285028,0.9891958300161291,0.9934591777968386,0.96662,0.9904600000000001,0.99468,0.9972
per_subject,2,180,LR,25,True,0.9886199999999999,0.0019699830794535707,0.9864304753280132,0.9908095246719867,0.9886199999999999,0.001969983079453519,0.9864304753280132,0.9908095246719867,0.9999522222222222,3.1491832864911715e-05,0.9999172208327469,0.9999872236116976,0.0003845454545454547,0.0002387493719913472,0.00011918904318917328,0.0006499018659017361,0.9892104314805458,0.0018289280759330923,0.9871776814598423,0.9912431815012492,0.9886199999999999,0.001969983079453519,0.9864304753280132,0.9908095246719867,0.9886023376821682,0.0019547883406598717,0.9864297011021759,0.9907749742621605,0.9982280471819108,0.000744268156640656,0.9974008352588567,0.999055259104965,0.9886199999999999,0.9964800000000001,0.9978,0.9989199999999999
per_subject,2,180,SVM,25,True,0.987,0.0023673121185569614,0.9843688665938636,0.9896311334061364,0.987,0.002367312118556975,0.9843688665938636,0.9896311334061364,0.9998735454545453,6.893493374897147e-05,0.9997969281780928,0.9999501627309978,0.0009654545454545457,0.0004845791813119117,0.0004268722174744162,0.001504036873434675,0.9880675739267986,0.002142351457533354,0.9856864715603574,0.9904486762932397,0.987,0.002367312118556975,0.9843688665938636,0.9896311334061364,0.9870604011547425,0.002354146438818397,0.9844439006563258,0.9896769016531591,0.9968147440628141,0.0011547228752513425,0.9955313349558833,0.9980981531697449,0.9854,0.9927199999999999,0.9948400000000001,0.9965400000000001
per_subject,2,180,DT,25,True,0.7928799999999999,0.010676375789564553,0.7810138126999864,0.8047461873000135,0.7928799999999999,0.010676375789564527,0.7810138126999864,0.8047461873000135,0.8953939393939394,0.005392108984628551,0.8894009155050437,0.9013869632828351,0.1046060606060606,0.005392108984628561,0.09861303671716487,0.11059908449495634,0.801269730966004,0.010464714381761029,0.7896387933386028,0.8129006685934052,0.7928799999999999,0.010676375789564527,0.7810138126999864,0.8047461873000135,0.792674247110234,0.01057203020864533,0.7809240340164044,0.8044244602040637,0.651587691321196,0.015190300607146589,0.6347045321199158,0.6684708505224761,0.7928799999999999,0.79904,0.81086,0.8306999999999999
per_subject,2,180,RF,25,True,0.9879000000000001,0.002449489742783188,0.9851775308166151,0.9906224691833851,0.9879000000000001,0.002449489742783166,0.9851775308166151,0.9906224691833851,0.9997256565656566,0.000158936651103919,0.9995490074753651,0.9999023056559481,0.0016471717171717176,0.0005990597332687947,0.000981350736440427,0.002312992697903008,0.9885001298332246,0.0023593140787986433,0.9858778857955102,0.9911223738709389,0.9879000000000001,0.002449489742783166,0.9851775308166151,0.9906224691833851,0.9878074193695885,0.0024955528371225764,0.985033753664479,0.990581085074698,0.9953987317163481,0.0010748906639624501,0.99420405159296,0.9965934118397362,0.9879000000000001,0.99618,0.9979,0.99896
per_subject,3,234,MLP,25,True,0.96598,0.004601811237617934,0.9608653473181175,0.9710946526818824,0.96598,0.004601811237617929,0.9608653473181175,0.9710946526818824,0.9997348383838385,0.00011757612276777087,0.9996041591793714,0.9998655175883056,0.0018640404040404046,0.0006024053634240993,0.0011945009447877583,0.002533579863293051,0.9676016683844415,0.004300680165064296,0.9628217058426596,0.9723816309262234,0.96598,0.004601811237617929,0.9608653473181175,0.9710946526818824,0.9658541410095703,0.00462385945555233,0.9607149829816043,0.9709932990375364,0.9908998133116899,0.0020059427328172493,0.9886703215206669,0.9931293051027128,0.96598,0.9902199999999999,0.9947199999999999,0.99756
per_subject,3,234,LR,25,True,0.9904000000000001,0.002711856682545506,0.9873859248156729,0.9934140751843272,0.9904,0.0027118566825454736,0.9873859248156728,0.9934140751843271,0.999962303030303,3.754174687681328e-05,0.9999205775038893,1.0000040285567167,0.0002455555555555556,0.00014212124801676597,8.759583387481402e-05,0.0004035152772362972,0.9909606979842073,0.002552522528205156,0.9881237136925161,0.9937976822758985,0.9904,0.0027118566825454736,0.9873859248156728,0.9934140751843271,0.9903899594828366,0.0027244438548838243,0.9873618943690157,0.9934180245966575,0.9985674799456232,0.0005654372760350178,0.9979390284227385,0.9991959314685079,0.9904000000000001,0.9971400000000001,0.99804,0.9989199999999999
per_subject,3,234,SVM,25,True,0.98828,0.002784181507493117,0.9851855398670549,0.9913744601329452,0.98828,0.002784181507493119,0.9851855398670549,0.9913744601329452,0.9998973636363637,8.689621314336255e-05,0.9998007834146532,0.9999939438580743,0.00063989898989899,0.00030417502640603725,0.0003018256674098592,0.0009779723123881207,0.9893503797558489,0.002485438254834692,0.9865879558363655,0.9921128036753324,0.98828,0.002784181507493119,0.9851855398670549,0.9913744601329452,0.9883348085602419,0.002768408951173126,0.9852578787307614,0.9914117383897224,0.9976804161810913,0.0008543453680015735,0.9967308596690851,0.9986299726930974,0.9862000000000001,0.9936999999999999,0.99576,0.99738
per_subject,3,234,DT,25,True,0.75878,0.008237465225015124,0.7496245237256524,0.7679354762743477,0.75878,0.008237465225015169,0.7496245237256524,0.7679354762743477,0.8781717171717172,0.004160335972229811,0.87354773925538,0.8827956950880543,0.12182828282828284,0.0041603359722298585,0.11720430491194565,0.12645226074462002,0.767263291655305,0.008131351019496278,0.758225755313262,0.7763008279973481,0.75878,0.008237465225015169,0.7496245237256524,0.7679354762743477,0.7581330731517752,0.007915008355868378,0.7493359894331871,0.7669301568703634,0.6023487081951899,0.011189633712309615,0.589912063769598,0.6147853526207818,0.75878,0.7685799999999999,0.78464,0.8081
per_subject,3,234,RF,25,True,0.9893000000000001,0.0026496855159307805,0.9863550245478527,0.9922449754521474,0.9893000000000001,0.0026496855159307735,0.9863550245478527,0.9922449754521474,0.9995612676767677,0.0003217318625437622,0.9992036809248047,0.9999188544287306,0.001707474747474748,0.0008341736019787941,0.0007803380114783986,0.002634611483471097,0.9898848207543193,0.002511278008879052,0.9870936774110051,0.9926759640976335,0.9893000000000001,0.0026496855159307735,0.9863550245478527,0.9922449754521474,0.9892422054905902,0.002678093312988872,0.9862656563801794,0.992218754601001,0.9954580654060973,0.0013842589389374826,0.9939195399584256,0.9969965908537689,0.98946,0.9964399999999999,0.9979400000000002,0.99896
per_subject,4,288,MLP,25,True,0.9647399999999999,0.005524792605458907,0.9585995057777766,0.9708804942222232,0.9647399999999999,0.005524792605458891,0.9585995057777768,0.9708804942222231,0.9996379898989899,0.00013275188877400786,0.9994904436897076,0.9997855361082721,0.002225353535353536,0.0006340497420821807,0.0015206431406120538,0.0029300639300950185,0.9663185212317632,0.005158046616499107,0.9605856444147628,0.9720513980487636,0.9647399999999999,0.005524792605458891,0.9585995057777768,0.9708804942222231,0.9646328667289299,0.005515555231951666,0.9585026393244318,0.970763094133428,0.9892170721456343,0.002423558021935646,0.9865234246019755,0.991910719689293,0.9647399999999999,0.9882,0.9932000000000001,0.99642
per_subject,4,288,LR,25,True,0.98978,0.002545748089134777,0.9869505451138343,0.9926094548861657,0.98978,0.002545748089134779,0.9869505451138343,0.9926094548861657,0.9999630404040404,2.0506683146407546e-05,0.9999402483866073,0.9999858324214734,0.0003418181818181818,0.00018960689486626032,0.00013108085182871463,0.0005525555118076489,0.990348892211272,0.002360699485427786,0.9877251083725173,0.9929726760500267,0.98978,0.002545748089134779,0.9869505451138343,0.9926094548861657,0.9897904635166048,0.0025337765127813215,0.9869743143598445,0.9926066126733651,0.9983738479614463,0.0006139484807116103,0.997691478980785,0.9990562169421077,0.98978,0.9971599999999999,0.99826,0.9989199999999999
per_subject,4,288,SVM,25,True,0.98706,0.002693820088028649,0.984065971469426,0.9900540285305741,0.9870599999999999,0.0026938200880286377,0.9840659714694259,0.990054028530574,0.9998733030303031,6.748035628865826e-05,0.9997983024343541,0.9999483036262521,0.0007840404040404045,0.00031662571760649036,0.00043212884311612834,0.0011359519649646807,0.9886642578248179,0.0022535091208664222,0.986159610008222,0.9911689056414138,0.9870599999999999,0.0026938200880286377,0.9840659714694259,0.990054028530574,0.9872712754908842,0.0026244537254881167,0.9843543437454412,0.9901882072363273,0.9975728581462994,0.0008022232221699547,0.9966812324487482,0.9984644838438506,0.98568,0.99238,0.99446,0.99682
per_subject,4,288,DT,25,True,0.72592,0.011585443452885187,0.7130434354545646,0.7387965645454354,0.72592,0.0115854434528852,0.7130434354545646,0.7387965645454354,0.8615757575757576,0.005851234067113747,0.85507244214877,0.8680790730027451,0.13842424242424242,0.00585123406711373,0.13192092699725486,0.14492755785123,0.7347772036597727,0.010443360804532476,0.7231699993246341,0.7463844079949113,0.72592,0.0115854434528852,0.7130434354545646,0.7387965645454354,0.7250825528474111,0.010850166185971457,0.713023207360073,0.7371418983347492,0.5589939478154564,0.015011257210985746,0.5423097852133548,0.575678110417558,0.72592,0.7378,0.75458,0.78128
per_subject,4,288,RF,25,True,0.98992,0.0019021917183431754,0.9878058215882156,0.9920341784117844,0.98992,0.0019021917183431785,0.9878058215882156,0.9920341784117844,0.999663616161616,0.00014670233293498673,0.9995005648233841,0.9998266674998479,0.0019175757575757581,0.0005967557314229081,0.001254315544466528,0.002580835970684988,0.9904415258171779,0.0018329996569477517,0.9884042504646691,0.9924788011696868,0.98992,0.0019021917183431785,0.9878058215882156,0.9920341784117844,0.9898360505356311,0.0019555686865036113,0.9876625466454088,0.9920095544258534,0.9948914328793762,0.0011920645079917889,0.9935665206615658,0.9962163450971866,0.98994,0.9966799999999999,0.9980199999999999,0.9989400000000002
per_subject,5,359,MLP,25,True,0.9618800000000001,0.00483106268502767,0.9565105473122558,0.9672494526877443,0.9618800000000001,0.004831062685027647,0.9565105473122558,0.9672494526877443,0.9996248686868686,0.00012078389388576842,0.999490624226396,0.9997591131473412,0.002373131313131314,0.0004901523608046454,0.001828354711642939,0.002917907914619689,0.9635965032958148,0.004522656437044427,0.9585698266938132,0.9686231798978164,0.9618800000000001,0.004831062685027647,0.9565105473122558,0.9672494526877443,0.9618440082672493,0.004806684707907101,0.9565016503210362,0.9671863662134623,0.9880012810230648,0.0017199427545235312,0.9860896620174444,0.9899129000286853,0.9618800000000001,0.98826,0.99396,0.9967999999999999
per_subject,5,359,LR,25,True,0.9921000000000001,0.0019418633662885115,0.9899417287973381,0.9942582712026621,0.9921,0.0019418633662885237,0.989941728797338,0.994258271202662,0.9999780505050505,1.3131701625969457e-05,0.9999634553620794,0.9999926456480216,0.00019090909090909092,0.00011518538325851027,6.288705806670116e-05,0.0003189311237514807,0.9925333079074496,0.001774640067346716,0.9905608959350435,0.9945057198798558,0.9921,0.0019418633662885237,0.989941728797338,0.994258271202662,0.9921007448277693,0.0019358908540172326,0.9899491117343927,0.994252377921146,0.9988391989405296,0.00046101452731032717,0.9983268073914762,0.9993515904895831,0.9921000000000001,0.9979399999999999,0.9987,0.9993000000000001
per_subject,5,359,SVM,25,True,0.9874200000000001,0.002576658042245159,0.9845561904507659,0.9902838095492342,0.9874200000000001,0.002576658042245145,0.9845561904507659,0.9902838095492342,0.9999285353535354,4.809683581144378e-05,0.9998750784432949,0.9999819922637759,0.0005736363636363638,0.000364249389745739,0.0001687937871074178,0.0009784789401653098,0.9890594172737666,0.0019219711753452994,0.9869232551152403,0.9911955794322929,0.9874200000000001,0.002576658042245145,0.9845561904507659,0.9902838095492342,0.9876398727499808,0.0024549731124333244,0.9849113091116434,0.9903684363883182,0.9981517137861641,0.0007491197373258963,0.9973191096058265,0.9989843179665017,0.98508,0.9930600000000002,0.9949800000000001,0.99676
per_subject,5,359,DT,25,True,0.6707400000000001,0.012682928158223817,0.6566436433332367,0.6848363566667636,0.6707400000000001,0.012682928158223868,0.6566436433332367,0.6848363566667636,0.8337070707070707,0.006405519271830199,0.8265876986531498,0.8408264427609916,0.1662929292929293,0.006405519271830219,0.15917355723900836,0.17341230134685023,0.6817277161752632,0.013900496045470305,0.6662781017283952,0.6971773306221312,0.6707400000000001,0.012682928158223868,0.6566436433332367,0.6848363566667636,0.6703593694962742,0.012936862975506079,0.6559807786553623,0.684737960337186,0.4894814464535211,0.01584150473470075,0.47187451072915787,0.5070883821778843,0.6707400000000001,0.68592,0.7065199999999998,0.7377600000000001
per_subject,5,359,RF,25,True,0.98866,0.00252372079808102,0.9858550272008746,0.9914649727991254,0.98866,0.002523720798081019,0.9858550272008746,0.9914649727991254,0.9996031666666666,0.00019783049907360416,0.9993832892661393,0.9998230440671939,0.0021495959595959602,0.0006621778721772964,0.0014136227405883977,0.0028855691786035228,0.9892022876525965,0.0023913348306012915,0.9865444543619497,0.9918601209432434,0.98866,0.002523720798081019,0.9858550272008746,0.9914649727991254,0.9885362098920651,0.0025716131552748324,0.9856780074491073,0.991394412335023,0.9942911326080722,0.0014521108594184888,0.9926771935918861,0.9959050716242583,0.9885799999999999,0.9963600000000001,0.998,0.9989
per_subject,6,414,MLP,25,True,0.9660199999999999,0.0037762415176998414,0.9618229213262695,0.9702170786737303,0.9660199999999999,0.00377624151769982,0.9618229213262695,0.9702170786737303,0.9996383434343434,0.00014395923057242209,0.9994783408991004,0.9997983459695865,0.0021474747474747482,0.0005609713638266827,0.0015239868331941514,0.002770962661755345,0.9676049701932503,0.003660728890226536,0.9635362772657816,0.971673663120719,0.9660199999999999,0.00377624151769982,0.9618229213262695,0.9702170786737303,0.965930408380598,0.0037598705753689714,0.9617515250825085,0.9701092916786874,0.9900590795446766,0.0018666120552997812,0.9879844459141988,0.9921337131751545,0.9660199999999999,0.98854,0.99342,0.9964799999999999
per_subject,6,414,LR,25,True,0.9928400000000001,0.001637579514608885,0.9910199230729583,0.9946600769270418,0.9928400000000001,0.0016375795146088615,0.9910199230729583,0.9946600769270418,0.9999664343434344,3.0450845993149335e-05,0.9999325899519367,1.000000278734932,0.00021939393939393942,0.0001369145716816942,6.722114370946136e-05,0.00037156673507841745,0.993184490968567,0.0015608388771695062,0.9914497069157483,0.9949192750213857,0.9928400000000001,0.0016375795146088615,0.9910199230729583,0.9946600769270418,0.9928295066468665,0.0016410671078173629,0.9910055534574063,0.9946534598363268,0.9988915493600878,0.00039685123747205774,0.9984504716754031,0.9993326270447725,0.9928400000000001,0.9979,0.9988200000000002,0.9991800000000001
per_subject,6,414,SVM,25,True,0.9867199999999999,0.0020870633275809716,0.9844003472601374,0.9890396527398625,0.9867199999999999,0.002087063327580981,0.9844003472601374,0.9890396527398625,0.9999007272727273,6.539389635722585e-05,0.9998280456588775,0.999973408886577,0.0005619191919191922,0.0002911151080858473,0.00023836122932042097,0.0008854771545179633,0.9887403150538097,0.0016109951282549104,0.9869497851672571,0.9905308449403623,0.9867199999999999,0.002087063327580981,0.9844003472601374,0.9890396527398625,0.9870436855591039,0.0020030704034935854,0.9848173861995215,0.9892699849186863,0.9981504415697016,0.0005331400279616248,0.9975578866097019,0.9987429965297012,0.98578,0.9932799999999999,0.99544,0.9975799999999999
per_subject,6,414,DT,25,True,0.63166,0.011876727944457864,0.618459689231809,0.644860310768191,0.63166,0.01187672794445788,0.618459689231809,0.644860310768191,0.8171547979797981,0.006575747589151264,0.809846226787807,0.8244633691717891,0.18460474747474745,0.004714387503054839,0.17936497264677903,0.18984452230271587,0.6456772641882351,0.009721602858674983,0.6348722529511691,0.6564822754253011,0.63166,0.01187672794445788,0.618459689231809,0.644860310768191,0.6322462413793799,0.009718251847662175,0.6214449546013537,0.6430475281574061,0.44608703293619134,0.011638255730770668,0.43315177053359155,0.45902229533879113,0.63176,0.64842,0.6733,0.71006
per_subject,6,414,RF,25,True,0.9884400000000001,0.0029201883500897742,0.985194375960862,0.9916856240391382,0.9884400000000001,0.002920188350089755,0.985194375960862,0.9916856240391382,0.9994384848484849,0.00033134281701806956,0.9990702160647003,0.9998067536322695,0.002580202020202021,0.0009649332342974319,0.0015077333551918517,0.00365267068521219,0.9890003720939177,0.0027238913159262305,0.9859729210958689,0.9920278230919665,0.9884400000000001,0.002920188350089755,0.985194375960862,0.9916856240391382,0.9882534281747506,0.0030249549830307296,0.9848913619539421,0.9916154943955591,0.9933617915830836,0.0018831718451249263,0.9912687526836654,0.9954548304825017,0.98848,0.99622,0.9977600000000001,0.99872
